DELETE FROM test.connection;
DELETE FROM test.transfer_log;
DELETE FROM test.user_role;
DELETE FROM test.role_profile;
DELETE FROM test.transfer;
DELETE FROM test.user_account;
DELETE FROM test.bank_account;
INSERT INTO test.role_profile(role_id, role_name) VALUES (01, 'USER');
INSERT INTO test.role_profile(role_id, role_name) VALUES (02, 'ADMIN');
INSERT INTO test.bank_account(bank_account_id, rib, bank, iban, bic) VALUES (01, 'RIB1', 'BANK1', 'IBAN1', 'BIC1');
INSERT INTO test.bank_account(bank_account_id, rib, bank, iban, bic) VALUES (02, 'RIB2', 'BANK2', 'IBAN2', 'BIC2');
INSERT INTO test.bank_account(bank_account_id, rib, bank, iban, bic) VALUES (03, 'RIB3', 'BANK3', 'IBAN3', 'BIC3');
INSERT INTO test.bank_account(bank_account_id, rib, bank, iban, bic) VALUES (04, 'RIB4', 'BANK4', 'IBAN4', 'BIC4');
INSERT INTO test.bank_account(bank_account_id, rib, bank, iban, bic) VALUES (05, 'RIB5', 'BANK5', 'IBAN5', 'BIC5');
INSERT INTO test.user_account(user_id, first_name, last_name, email, password, bank_account_id, balance) VALUES (01, 'FirstName1', 'LastName1', 'admin1@test.com', 'password', 01, 1000);
INSERT INTO test.user_account(user_id, first_name, last_name, email, password, bank_account_id, balance) VALUES (02, 'FirstName2', 'LastName2', 'user2@test.com', 'password', 02, 1000);
INSERT INTO test.user_account(user_id, first_name, last_name, email, password, bank_account_id, balance) VALUES (03, 'FirstName3', 'LastName3', 'user3@test.com', 'password', 03, 1000);
INSERT INTO test.user_account(user_id, first_name, last_name, email, password, bank_account_id, balance) VALUES (04, 'FirstName4', 'LastName4', 'user4@test.com', 'password', 04, 1000);
INSERT INTO test.user_account(user_id, first_name, last_name, email, password, bank_account_id, balance) VALUES (05, 'FirstName5', 'LastName5', 'user5@test.com', 'password', 05, 1000);
INSERT INTO test.transfer(transfer_id, sender_user_id, receiver_user_id, description, transfer_date, amount, fee, transfer_type) VALUES (01, 01, 02, 'description 01', '2021-01-01', 100, 0.5, 'TRANSFER_BETWEEN_USER');
INSERT INTO test.transfer(transfer_id, sender_user_id, receiver_user_id, description, transfer_date, amount, fee, transfer_type) VALUES (02, 01, 01, 'description 02', '2021-01-02', 100, 0, 'TRANSFER_WITH_BANK');
INSERT INTO test.transfer(transfer_id, sender_user_id, receiver_user_id, description, transfer_date, amount, fee, transfer_type) VALUES (03, 02, 04, 'description 03', '2021-01-03', 100, 0.5, 'TRANSFER_BETWEEN_USER');
INSERT INTO test.transfer(transfer_id, sender_user_id, receiver_user_id, description, transfer_date, amount, fee, transfer_type) VALUES (04, 03, 01, 'description 04', '2021-01-04', 100, 0.5, 'TRANSFER_BETWEEN_USER');
INSERT INTO test.transfer(transfer_id, sender_user_id, receiver_user_id, description, transfer_date, amount, fee, transfer_type) VALUES (05, 04, 03, 'description 05', '2021-01-05', 100, 0.5, 'TRANSFER_BETWEEN_USER');
INSERT INTO test.transfer(transfer_id, sender_user_id, receiver_user_id, description, transfer_date, amount, fee, transfer_type) VALUES (06, 03, 03, 'description 06', '2021-01-06', 100, 0, 'TRANSFER_WITH_BANK');
INSERT INTO test.transfer(transfer_id, sender_user_id, receiver_user_id, description, transfer_date, amount, fee, transfer_type) VALUES (07, 04, 04, 'description 07', '2021-01-07', 100, 0, 'TRANSFER_WITH_BANK');
INSERT INTO test.transfer_log(transfer_id, sender_user_id, receiver_user_id) VALUES (01, 01, 02);
INSERT INTO test.transfer_log(transfer_id, sender_user_id, receiver_user_id) VALUES (02, 01, 01);
INSERT INTO test.transfer_log(transfer_id, sender_user_id, receiver_user_id) VALUES (03, 02, 04);
INSERT INTO test.transfer_log(transfer_id, sender_user_id, receiver_user_id) VALUES (04, 03, 01);
INSERT INTO test.transfer_log(transfer_id, sender_user_id, receiver_user_id) VALUES (05, 04, 03);
INSERT INTO test.transfer_log(transfer_id, sender_user_id, receiver_user_id) VALUES (06, 03, 03);
INSERT INTO test.transfer_log(transfer_id, sender_user_id, receiver_user_id) VALUES (07, 04, 04);
INSERT INTO test.connection(user_id, connection_id) VALUES (01, 02);
INSERT INTO test.connection(user_id, connection_id) VALUES (01, 03);
INSERT INTO test.connection(user_id, connection_id) VALUES (01, 04);
INSERT INTO test.connection(user_id, connection_id) VALUES (02, 04);
INSERT INTO test.connection(user_id, connection_id) VALUES (03, 01);
INSERT INTO test.connection(user_id, connection_id) VALUES (03, 04);
INSERT INTO test.connection(user_id, connection_id) VALUES (04, 02);
INSERT INTO test.connection(user_id, connection_id) VALUES (04, 03);
INSERT INTO test.user_role(user_id, role_id) VALUES (01,01);
INSERT INTO test.user_role(user_id, role_id) VALUES (01, 02);